# --- Sample dataset

# --- !Ups


insert into user (id, email, name, password) values (1, 'bob@gmail.com', 'Bob Sacamano', 'admin');
insert into user (id, email, name, password) values (2, 'john@gmail.com', 'John Sacamano', 'admin');

insert into make (id,name) values (1, 'Renault');
insert into make (id,name) values (2, 'Nissan');
insert into make (id,name) values (3, 'Porsche');
insert into make (id,name) values (4, 'Subaru');

insert into engine (id, aspiration, position, cc, cylinders, type, valves) values (1, 'Supercharged', 'Front', '1998', 4, 'Inline', 16);

insert into model (id,name,year,engine_id,make_id) values ( 1,'Clio','1980-05-01', 1, 1);
insert into model (id,name,year,engine_id,make_id) values ( 2,'Skyline','1980-05-01', 1, 2);
insert into model (id,name,year,engine_id,make_id) values ( 3,'370Z','1980-05-01',1, 2);
insert into model (id,name,year,engine_id,make_id) values ( 4,'Cayman','1980-05-01',1, 3);
insert into model (id,name,year,engine_id,make_id) values ( 5,'911','1980-05-01',1, 3);
insert into model (id,name,year,engine_id,make_id) values ( 6,'Impreza','1980-05-01',1, 4);
insert into model (id,name,year,engine_id,make_id) values ( 7,'Legacy','1980-05-01',1, 4);




insert into image (id ,data) values(1, FILE_READ('conf/evolutions/default/images/DSC_0015.JPG'));
insert into image (id ,data) values(2, FILE_READ('conf/evolutions/default/images/DSC_0015.JPG'));
insert into image (id ,data) values(3, FILE_READ('conf/evolutions/default/images/DSC_0015.JPG'));
insert into image (id ,data) values(4, FILE_READ('conf/evolutions/default/images/DSC_0015.JPG'));
insert into image (id ,data) values(5, FILE_READ('conf/evolutions/default/images/DSC_0015.JPG'));
insert into image (id ,data) values(6, FILE_READ('conf/evolutions/default/images/DSC_0015.JPG'));

insert into sale (id,user_id,model_id, image_id, year, price, mileage) values ( 1, 1, 1, 1, '2002-01-02', 10020, 202239);
insert into sale (id,user_id,model_id, image_id, year, price, mileage) values ( 2, 1, 2, 2, '2002-03-02', 12220, 129999);
insert into sale (id,user_id,model_id, image_id, year, price, mileage) values ( 3, 1, 2, 3, '2008-01-04', 10020, 38888);
insert into sale (id,user_id,model_id, image_id, year, price, mileage) values ( 4, 2, 3, 4, '2012-01-02', 12220, 93999);
insert into sale (id,user_id,model_id, image_id, year, price, mileage) values ( 5, 2, 3, 5, '2003-01-02', 10020, 45449);
insert into sale (id,user_id,model_id, image_id, year, price, mileage) values ( 6, 1, 3, 6, '2007-01-02', 12220, 98000);
insert into sale (id,user_id,model_id, image_id, year, price, mileage) values (7, 1, 1, 1, '2002-01-02', 5555, 47693);
insert into sale (id,user_id,model_id, image_id, year, price, mileage) values (8, 1, 1, 1, '2002-01-02', 6009, 182540);
insert into sale (id,user_id,model_id, image_id, year, price, mileage) values (9, 1, 1, 1, '2002-01-02', 1037, 25334);
insert into sale (id,user_id,model_id, image_id, year, price, mileage) values (10, 1, 1, 1, '2002-01-02', 9367, 192006);
insert into sale (id,user_id,model_id, image_id, year, price, mileage) values (11, 1, 1, 1, '2002-01-02', 1703, 98721);
insert into sale (id,user_id,model_id, image_id, year, price, mileage) values (12, 1, 1, 1, '2002-01-02', 5818, 121520);
insert into sale (id,user_id,model_id, image_id, year, price, mileage) values (13, 1, 1, 1, '2002-01-02', 6060, 127191);
insert into sale (id,user_id,model_id, image_id, year, price, mileage) values (14, 1, 1, 1, '2002-01-02', 5049, 280);
insert into sale (id,user_id,model_id, image_id, year, price, mileage) values (15, 1, 1, 1, '2002-01-02', 3303, 188079);
insert into sale (id,user_id,model_id, image_id, year, price, mileage) values (16, 1, 1, 1, '2002-01-02', 6699, 197159);
insert into sale (id,user_id,model_id, image_id, year, price, mileage) values (17, 1, 1, 1, '2002-01-02', 4702, 24009);
insert into sale (id,user_id,model_id, image_id, year, price, mileage) values (18, 1, 1, 1, '2002-01-02', 3898, 45777);
insert into sale (id,user_id,model_id, image_id, year, price, mileage) values (19, 1, 1, 1, '2002-01-02', 5107, 193187);
insert into sale (id,user_id,model_id, image_id, year, price, mileage) values (20, 1, 1, 1, '2002-01-02', 6148, 99406);
insert into sale (id,user_id,model_id, image_id, year, price, mileage) values (21, 1, 1, 1, '2002-01-02', 9309, 173596);
insert into sale (id,user_id,model_id, image_id, year, price, mileage) values (22, 1, 1, 1, '2002-01-02', 7465, 140638);
insert into sale (id,user_id,model_id, image_id, year, price, mileage) values (23, 1, 1, 1, '2002-01-02', 3881, 96765);
insert into sale (id,user_id,model_id, image_id, year, price, mileage) values (24, 1, 1, 1, '2002-01-02', 8552, 144765);
insert into sale (id,user_id,model_id, image_id, year, price, mileage) values (25, 1, 1, 1, '2002-01-02', 6402, 179976);
insert into sale (id,user_id,model_id, image_id, year, price, mileage) values (26, 1, 1, 1, '2002-01-02', 3171, 180060);
insert into sale (id,user_id,model_id, image_id, year, price, mileage) values (27, 1, 1, 1, '2002-01-02', 7693, 178103);
insert into sale (id,user_id,model_id, image_id, year, price, mileage) values (28, 1, 1, 1, '2002-01-02', 9939, 158825);
insert into sale (id,user_id,model_id, image_id, year, price, mileage) values (29, 1, 1, 1, '2002-01-02', 2904, 181793);
insert into sale (id,user_id,model_id, image_id, year, price, mileage) values (30, 1, 1, 1, '2002-01-02', 4263, 194361);
insert into sale (id,user_id,model_id, image_id, year, price, mileage) values (31, 1, 1, 1, '2002-01-02', 6911, 194377);
insert into sale (id,user_id,model_id, image_id, year, price, mileage) values (32, 1, 1, 1, '2002-01-02', 4827, 13409);
insert into sale (id,user_id,model_id, image_id, year, price, mileage) values (33, 1, 1, 1, '2002-01-02', 2592, 176033);
insert into sale (id,user_id,model_id, image_id, year, price, mileage) values (34, 1, 1, 1, '2002-01-02', 6228, 191467);
insert into sale (id,user_id,model_id, image_id, year, price, mileage) values (35, 1, 1, 1, '2002-01-02', 912, 53520);
insert into sale (id,user_id,model_id, image_id, year, price, mileage) values (36, 1, 1, 1, '2002-01-02', 2524, 168521);
insert into sale (id,user_id,model_id, image_id, year, price, mileage) values (37, 1, 1, 1, '2002-01-02', 9518, 163819);
insert into sale (id,user_id,model_id, image_id, year, price, mileage) values (38, 1, 1, 1, '2002-01-02', 1499, 41693);
insert into sale (id,user_id,model_id, image_id, year, price, mileage) values (39, 1, 1, 1, '2002-01-02', 3641, 189743);
insert into sale (id,user_id,model_id, image_id, year, price, mileage) values (40, 1, 1, 1, '2002-01-02', 7745, 174203);
insert into sale (id,user_id,model_id, image_id, year, price, mileage) values (41, 1, 1, 1, '2002-01-02', 9039, 17753);
insert into sale (id,user_id,model_id, image_id, year, price, mileage) values (42, 1, 1, 1, '2002-01-02', 4539, 18618);
insert into sale (id,user_id,model_id, image_id, year, price, mileage) values (43, 1, 1, 1, '2002-01-02', 9926, 136258);
insert into sale (id,user_id,model_id, image_id, year, price, mileage) values (44, 1, 1, 1, '2002-01-02', 6992, 5742);
insert into sale (id,user_id,model_id, image_id, year, price, mileage) values (45, 1, 1, 1, '2002-01-02', 972, 171142);
insert into sale (id,user_id,model_id, image_id, year, price, mileage) values (46, 1, 1, 1, '2002-01-02', 3599, 141202);
insert into sale (id,user_id,model_id, image_id, year, price, mileage) values (47, 1, 1, 1, '2002-01-02', 3322, 64898);
insert into sale (id,user_id,model_id, image_id, year, price, mileage) values (48, 1, 1, 1, '2002-01-02', 5016, 39518);
insert into sale (id,user_id,model_id, image_id, year, price, mileage) values (49, 1, 1, 1, '2002-01-02', 6507, 86411);
insert into sale (id,user_id,model_id, image_id, year, price, mileage) values (50, 1, 1, 1, '2002-01-02', 4108, 48399);
insert into sale (id,user_id,model_id, image_id, year, price, mileage) values (51, 1, 1, 1, '2002-01-02', 496, 150715);
insert into sale (id,user_id,model_id, image_id, year, price, mileage) values (52, 1, 1, 1, '2002-01-02', 6943, 65359);
insert into sale (id,user_id,model_id, image_id, year, price, mileage) values (53, 1, 1, 1, '2002-01-02', 3918, 159973);
insert into sale (id,user_id,model_id, image_id, year, price, mileage) values (54, 1, 1, 1, '2002-01-02', 2380, 175542);
insert into sale (id,user_id,model_id, image_id, year, price, mileage) values (55, 1, 1, 1, '2002-01-02', 9022, 107205);
insert into sale (id,user_id,model_id, image_id, year, price, mileage) values (56, 1, 1, 1, '2002-01-02', 1897, 16243);
insert into sale (id,user_id,model_id, image_id, year, price, mileage) values (57, 1, 1, 1, '2002-01-02', 5503, 120664);
insert into sale (id,user_id,model_id, image_id, year, price, mileage) values (58, 1, 1, 1, '2002-01-02', 2662, 3442);
insert into sale (id,user_id,model_id, image_id, year, price, mileage) values (59, 1, 1, 1, '2002-01-02', 4538, 16149);
insert into sale (id,user_id,model_id, image_id, year, price, mileage) values (60, 1, 1, 1, '2002-01-02', 3212, 1518);
insert into sale (id,user_id,model_id, image_id, year, price, mileage) values (61, 1, 1, 1, '2002-01-02', 9197, 18223);
insert into sale (id,user_id,model_id, image_id, year, price, mileage) values (62, 1, 1, 1, '2002-01-02', 6082, 186538);
insert into sale (id,user_id,model_id, image_id, year, price, mileage) values (63, 1, 1, 1, '2002-01-02', 8919, 198410);
insert into sale (id,user_id,model_id, image_id, year, price, mileage) values (64, 1, 1, 1, '2002-01-02', 3078, 18332);
insert into sale (id,user_id,model_id, image_id, year, price, mileage) values (65, 1, 1, 1, '2002-01-02', 8130, 126401);
insert into sale (id,user_id,model_id, image_id, year, price, mileage) values (66, 1, 1, 1, '2002-01-02', 1782, 172031);
insert into sale (id,user_id,model_id, image_id, year, price, mileage) values (67, 1, 1, 1, '2002-01-02', 5423, 134655);
insert into sale (id,user_id,model_id, image_id, year, price, mileage) values (68, 1, 1, 1, '2002-01-02', 1371, 114319);
insert into sale (id,user_id,model_id, image_id, year, price, mileage) values (69, 1, 1, 1, '2002-01-02', 8631, 31075);
insert into sale (id,user_id,model_id, image_id, year, price, mileage) values (70, 1, 1, 1, '2002-01-02', 1917, 74615);
insert into sale (id,user_id,model_id, image_id, year, price, mileage) values (71, 1, 1, 1, '2002-01-02', 8623, 160520);
insert into sale (id,user_id,model_id, image_id, year, price, mileage) values (72, 1, 1, 1, '2002-01-02', 1018, 41528);
insert into sale (id,user_id,model_id, image_id, year, price, mileage) values (73, 1, 1, 1, '2002-01-02', 5859, 93626);
insert into sale (id,user_id,model_id, image_id, year, price, mileage) values (74, 1, 1, 1, '2002-01-02', 8051, 197680);
insert into sale (id,user_id,model_id, image_id, year, price, mileage) values (75, 1, 1, 1, '2002-01-02', 993, 18746);
insert into sale (id,user_id,model_id, image_id, year, price, mileage) values (76, 1, 1, 1, '2002-01-02', 1859, 132420);
insert into sale (id,user_id,model_id, image_id, year, price, mileage) values (77, 1, 1, 1, '2002-01-02', 9336, 115932);
insert into sale (id,user_id,model_id, image_id, year, price, mileage) values (78, 1, 1, 1, '2002-01-02', 8003, 85818);
insert into sale (id,user_id,model_id, image_id, year, price, mileage) values (79, 1, 1, 1, '2002-01-02', 5850, 115062);
insert into sale (id,user_id,model_id, image_id, year, price, mileage) values (80, 1, 1, 1, '2002-01-02', 3879, 75814);
insert into sale (id,user_id,model_id, image_id, year, price, mileage) values (81, 1, 1, 1, '2002-01-02', 7382, 175742);
insert into sale (id,user_id,model_id, image_id, year, price, mileage) values (82, 1, 1, 1, '2002-01-02', 9502, 43637);
insert into sale (id,user_id,model_id, image_id, year, price, mileage) values (83, 1, 1, 1, '2002-01-02', 671, 95124);
insert into sale (id,user_id,model_id, image_id, year, price, mileage) values (84, 1, 1, 1, '2002-01-02', 7528, 73990);
insert into sale (id,user_id,model_id, image_id, year, price, mileage) values (85, 1, 1, 1, '2002-01-02', 2202, 49832);
insert into sale (id,user_id,model_id, image_id, year, price, mileage) values (86, 1, 1, 1, '2002-01-02', 7380, 62344);
insert into sale (id,user_id,model_id, image_id, year, price, mileage) values (87, 1, 1, 1, '2002-01-02', 2525, 136526);
insert into sale (id,user_id,model_id, image_id, year, price, mileage) values (88, 1, 1, 1, '2002-01-02', 3167, 121736);
insert into sale (id,user_id,model_id, image_id, year, price, mileage) values (89, 1, 1, 1, '2002-01-02', 5114, 197187);
insert into sale (id,user_id,model_id, image_id, year, price, mileage) values (90, 1, 1, 1, '2002-01-02', 830, 58265);
insert into sale (id,user_id,model_id, image_id, year, price, mileage) values (91, 1, 1, 1, '2002-01-02', 3215, 132984);
insert into sale (id,user_id,model_id, image_id, year, price, mileage) values (92, 1, 1, 1, '2002-01-02', 3273, 63917);
insert into sale (id,user_id,model_id, image_id, year, price, mileage) values (93, 1, 1, 1, '2002-01-02', 5943, 135643);
insert into sale (id,user_id,model_id, image_id, year, price, mileage) values (94, 1, 1, 1, '2002-01-02', 3870, 46392);
insert into sale (id,user_id,model_id, image_id, year, price, mileage) values (95, 1, 1, 1, '2002-01-02', 646, 136965);
insert into sale (id,user_id,model_id, image_id, year, price, mileage) values (96, 1, 1, 1, '2002-01-02', 2722, 60258);
insert into sale (id,user_id,model_id, image_id, year, price, mileage) values (97, 1, 1, 1, '2002-01-02', 5835, 12754);
insert into sale (id,user_id,model_id, image_id, year, price, mileage) values (98, 1, 1, 1, '2002-01-02', 9650, 147261);
insert into sale (id,user_id,model_id, image_id, year, price, mileage) values (99, 1, 1, 1, '2002-01-02', 6528, 22615);
insert into sale (id,user_id,model_id, image_id, year, price, mileage) values (100, 1, 1, 1, '2002-01-02', 7727, 114311);
insert into sale (id,user_id,model_id, image_id, year, price, mileage) values (101, 1, 1, 1, '2002-01-02', 1111, 45316);
insert into sale (id,user_id,model_id, image_id, year, price, mileage) values (102, 1, 1, 1, '2002-01-02', 8297, 156896);
insert into sale (id,user_id,model_id, image_id, year, price, mileage) values (103, 1, 1, 1, '2002-01-02', 4847, 132549);
insert into sale (id,user_id,model_id, image_id, year, price, mileage) values (104, 1, 1, 1, '2002-01-02', 2390, 8173);
insert into sale (id,user_id,model_id, image_id, year, price, mileage) values (105, 1, 1, 1, '2002-01-02', 508, 81852);
insert into sale (id,user_id,model_id, image_id, year, price, mileage) values (106, 1, 1, 1, '2002-01-02', 2867, 197266);
insert into sale (id,user_id,model_id, image_id, year, price, mileage) values (107, 1, 1, 1, '2002-01-02', 4371, 80093);
insert into sale (id,user_id,model_id, image_id, year, price, mileage) values (108, 1, 1, 1, '2002-01-02', 2439, 125336);
insert into sale (id,user_id,model_id, image_id, year, price, mileage) values (109, 1, 1, 1, '2002-01-02', 6584, 28484);
insert into sale (id,user_id,model_id, image_id, year, price, mileage) values (110, 1, 1, 1, '2002-01-02', 3700, 108634);
insert into sale (id,user_id,model_id, image_id, year, price, mileage) values (111, 1, 1, 1, '2002-01-02', 7560, 92838);
insert into sale (id,user_id,model_id, image_id, year, price, mileage) values (112, 1, 1, 1, '2002-01-02', 435, 41107);
insert into sale (id,user_id,model_id, image_id, year, price, mileage) values (113, 1, 1, 1, '2002-01-02', 8222, 71017);
insert into sale (id,user_id,model_id, image_id, year, price, mileage) values (114, 1, 1, 1, '2002-01-02', 219, 145373);
insert into sale (id,user_id,model_id, image_id, year, price, mileage) values (115, 1, 1, 1, '2002-01-02', 6548, 103837);
insert into sale (id,user_id,model_id, image_id, year, price, mileage) values (116, 1, 1, 1, '2002-01-02', 1888, 13390);
insert into sale (id,user_id,model_id, image_id, year, price, mileage) values (117, 1, 1, 1, '2002-01-02', 8968, 124692);
insert into sale (id,user_id,model_id, image_id, year, price, mileage) values (118, 1, 1, 1, '2002-01-02', 9909, 193278);
insert into sale (id,user_id,model_id, image_id, year, price, mileage) values (119, 1, 1, 1, '2002-01-02', 4464, 23574);
insert into sale (id,user_id,model_id, image_id, year, price, mileage) values (120, 1, 1, 1, '2002-01-02', 2049, 16142);
insert into sale (id,user_id,model_id, image_id, year, price, mileage) values (121, 1, 1, 1, '2002-01-02', 4921, 147925);
insert into sale (id,user_id,model_id, image_id, year, price, mileage) values (122, 1, 1, 1, '2002-01-02', 1807, 139089);
insert into sale (id,user_id,model_id, image_id, year, price, mileage) values (123, 1, 1, 1, '2002-01-02', 2763, 58818);
insert into sale (id,user_id,model_id, image_id, year, price, mileage) values (124, 1, 1, 1, '2002-01-02', 5379, 123684);
insert into sale (id,user_id,model_id, image_id, year, price, mileage) values (125, 1, 1, 1, '2002-01-02', 2380, 67524);
insert into sale (id,user_id,model_id, image_id, year, price, mileage) values (126, 1, 1, 1, '2002-01-02', 4047, 191893);
insert into sale (id,user_id,model_id, image_id, year, price, mileage) values (127, 1, 1, 1, '2002-01-02', 1281, 183745);
insert into sale (id,user_id,model_id, image_id, year, price, mileage) values (128, 1, 1, 1, '2002-01-02', 3999, 76094);
insert into sale (id,user_id,model_id, image_id, year, price, mileage) values (129, 1, 1, 1, '2002-01-02', 5554, 80207);
insert into sale (id,user_id,model_id, image_id, year, price, mileage) values (130, 1, 1, 1, '2002-01-02', 2206, 81261);
insert into sale (id,user_id,model_id, image_id, year, price, mileage) values (131, 1, 1, 1, '2002-01-02', 750, 114197);
insert into sale (id,user_id,model_id, image_id, year, price, mileage) values (132, 1, 1, 1, '2002-01-02', 130, 134224);
insert into sale (id,user_id,model_id, image_id, year, price, mileage) values (133, 1, 1, 1, '2002-01-02', 2499, 18927);
insert into sale (id,user_id,model_id, image_id, year, price, mileage) values (134, 1, 1, 1, '2002-01-02', 507, 138429);
insert into sale (id,user_id,model_id, image_id, year, price, mileage) values (135, 1, 1, 1, '2002-01-02', 5140, 187742);
insert into sale (id,user_id,model_id, image_id, year, price, mileage) values (136, 1, 1, 1, '2002-01-02', 7105, 67475);
insert into sale (id,user_id,model_id, image_id, year, price, mileage) values (137, 1, 1, 1, '2002-01-02', 6332, 102349);
insert into sale (id,user_id,model_id, image_id, year, price, mileage) values (138, 1, 1, 1, '2002-01-02', 9845, 104515);
insert into sale (id,user_id,model_id, image_id, year, price, mileage) values (139, 1, 1, 1, '2002-01-02', 4460, 10172);
insert into sale (id,user_id,model_id, image_id, year, price, mileage) values (140, 1, 1, 1, '2002-01-02', 9072, 108258);
insert into sale (id,user_id,model_id, image_id, year, price, mileage) values (141, 1, 1, 1, '2002-01-02', 280, 121999);
insert into sale (id,user_id,model_id, image_id, year, price, mileage) values (142, 1, 1, 1, '2002-01-02', 2390, 103730);
insert into sale (id,user_id,model_id, image_id, year, price, mileage) values (143, 1, 1, 1, '2002-01-02', 6127, 193348);
insert into sale (id,user_id,model_id, image_id, year, price, mileage) values (144, 1, 1, 1, '2002-01-02', 1831, 154169);
insert into sale (id,user_id,model_id, image_id, year, price, mileage) values (145, 1, 1, 1, '2002-01-02', 1274, 163943);
insert into sale (id,user_id,model_id, image_id, year, price, mileage) values (146, 1, 1, 1, '2002-01-02', 2689, 169717);
insert into sale (id,user_id,model_id, image_id, year, price, mileage) values (147, 1, 1, 1, '2002-01-02', 8420, 179820);
insert into sale (id,user_id,model_id, image_id, year, price, mileage) values (148, 1, 1, 1, '2002-01-02', 1164, 2192);
insert into sale (id,user_id,model_id, image_id, year, price, mileage) values (149, 1, 1, 1, '2002-01-02', 1418, 110530);
insert into sale (id,user_id,model_id, image_id, year, price, mileage) values (150, 1, 1, 1, '2002-01-02', 4207, 19598);
insert into sale (id,user_id,model_id, image_id, year, price, mileage) values (151, 1, 1, 1, '2002-01-02', 6604, 26374);
insert into sale (id,user_id,model_id, image_id, year, price, mileage) values (152, 1, 1, 1, '2002-01-02', 3450, 158854);
insert into sale (id,user_id,model_id, image_id, year, price, mileage) values (153, 1, 1, 1, '2002-01-02', 2508, 22583);
insert into sale (id,user_id,model_id, image_id, year, price, mileage) values (154, 1, 1, 1, '2002-01-02', 1256, 33021);
insert into sale (id,user_id,model_id, image_id, year, price, mileage) values (155, 1, 1, 1, '2002-01-02', 7715, 101716);
insert into sale (id,user_id,model_id, image_id, year, price, mileage) values (156, 1, 1, 1, '2002-01-02', 9261, 186028);
insert into sale (id,user_id,model_id, image_id, year, price, mileage) values (157, 1, 1, 1, '2002-01-02', 3060, 63572);
insert into sale (id,user_id,model_id, image_id, year, price, mileage) values (158, 1, 1, 1, '2002-01-02', 413, 12434);
insert into sale (id,user_id,model_id, image_id, year, price, mileage) values (159, 1, 1, 1, '2002-01-02', 9846, 142702);
insert into sale (id,user_id,model_id, image_id, year, price, mileage) values (160, 1, 1, 1, '2002-01-02', 7801, 14206);
insert into sale (id,user_id,model_id, image_id, year, price, mileage) values (161, 1, 1, 1, '2002-01-02', 6212, 94683);
insert into sale (id,user_id,model_id, image_id, year, price, mileage) values (162, 1, 1, 1, '2002-01-02', 6858, 75994);
insert into sale (id,user_id,model_id, image_id, year, price, mileage) values (163, 1, 1, 1, '2002-01-02', 5670, 9097);
insert into sale (id,user_id,model_id, image_id, year, price, mileage) values (164, 1, 1, 1, '2002-01-02', 1041, 183335);
insert into sale (id,user_id,model_id, image_id, year, price, mileage) values (165, 1, 1, 1, '2002-01-02', 9318, 43325);
insert into sale (id,user_id,model_id, image_id, year, price, mileage) values (166, 1, 1, 1, '2002-01-02', 6281, 165999);
insert into sale (id,user_id,model_id, image_id, year, price, mileage) values (167, 1, 1, 1, '2002-01-02', 833, 178528);
insert into sale (id,user_id,model_id, image_id, year, price, mileage) values (168, 1, 1, 1, '2002-01-02', 8443, 155907);
insert into sale (id,user_id,model_id, image_id, year, price, mileage) values (169, 1, 1, 1, '2002-01-02', 6957, 27502);
insert into sale (id,user_id,model_id, image_id, year, price, mileage) values (170, 1, 1, 1, '2002-01-02', 946, 143385);
insert into sale (id,user_id,model_id, image_id, year, price, mileage) values (171, 1, 1, 1, '2002-01-02', 3808, 131378);
insert into sale (id,user_id,model_id, image_id, year, price, mileage) values (172, 1, 1, 1, '2002-01-02', 1490, 87806);
insert into sale (id,user_id,model_id, image_id, year, price, mileage) values (173, 1, 1, 1, '2002-01-02', 1443, 4616);
insert into sale (id,user_id,model_id, image_id, year, price, mileage) values (174, 1, 1, 1, '2002-01-02', 1149, 82816);
insert into sale (id,user_id,model_id, image_id, year, price, mileage) values (175, 1, 1, 1, '2002-01-02', 4009, 89577);
insert into sale (id,user_id,model_id, image_id, year, price, mileage) values (176, 1, 1, 1, '2002-01-02', 709, 139494);
insert into sale (id,user_id,model_id, image_id, year, price, mileage) values (177, 1, 1, 1, '2002-01-02', 7266, 5643);
insert into sale (id,user_id,model_id, image_id, year, price, mileage) values (178, 1, 1, 1, '2002-01-02', 5914, 183050);
insert into sale (id,user_id,model_id, image_id, year, price, mileage) values (179, 1, 1, 1, '2002-01-02', 722, 93768);
insert into sale (id,user_id,model_id, image_id, year, price, mileage) values (180, 1, 1, 1, '2002-01-02', 7518, 163413);
insert into sale (id,user_id,model_id, image_id, year, price, mileage) values (181, 1, 1, 1, '2002-01-02', 8746, 14252);
insert into sale (id,user_id,model_id, image_id, year, price, mileage) values (182, 1, 1, 1, '2002-01-02', 3529, 63749);
insert into sale (id,user_id,model_id, image_id, year, price, mileage) values (183, 1, 1, 1, '2002-01-02', 8277, 130085);
insert into sale (id,user_id,model_id, image_id, year, price, mileage) values (184, 1, 1, 1, '2002-01-02', 9473, 13086);
insert into sale (id,user_id,model_id, image_id, year, price, mileage) values (185, 1, 1, 1, '2002-01-02', 1390, 55335);
insert into sale (id,user_id,model_id, image_id, year, price, mileage) values (186, 1, 1, 1, '2002-01-02', 2259, 132565);
insert into sale (id,user_id,model_id, image_id, year, price, mileage) values (187, 1, 1, 1, '2002-01-02', 9195, 150799);
insert into sale (id,user_id,model_id, image_id, year, price, mileage) values (188, 1, 1, 1, '2002-01-02', 124, 185199);
insert into sale (id,user_id,model_id, image_id, year, price, mileage) values (189, 1, 1, 1, '2002-01-02', 3074, 68535);
insert into sale (id,user_id,model_id, image_id, year, price, mileage) values (190, 1, 1, 1, '2002-01-02', 4910, 175291);
insert into sale (id,user_id,model_id, image_id, year, price, mileage) values (191, 1, 1, 1, '2002-01-02', 7409, 172311);
insert into sale (id,user_id,model_id, image_id, year, price, mileage) values (192, 1, 1, 1, '2002-01-02', 1792, 28004);
insert into sale (id,user_id,model_id, image_id, year, price, mileage) values (193, 1, 1, 1, '2002-01-02', 3891, 59746);
insert into sale (id,user_id,model_id, image_id, year, price, mileage) values (194, 1, 1, 1, '2002-01-02', 4428, 147071);
insert into sale (id,user_id,model_id, image_id, year, price, mileage) values (195, 1, 1, 1, '2002-01-02', 4341, 179529);
insert into sale (id,user_id,model_id, image_id, year, price, mileage) values (196, 1, 1, 1, '2002-01-02', 5570, 127745);
insert into sale (id,user_id,model_id, image_id, year, price, mileage) values (197, 1, 1, 1, '2002-01-02', 5505, 47204);
insert into sale (id,user_id,model_id, image_id, year, price, mileage) values (198, 1, 1, 1, '2002-01-02', 6426, 124088);
insert into sale (id,user_id,model_id, image_id, year, price, mileage) values (199, 1, 1, 1, '2002-01-02', 579, 117374);
insert into sale (id,user_id,model_id, image_id, year, price, mileage) values (200, 1, 1, 1, '2002-01-02', 3428, 119331);
insert into sale (id,user_id,model_id, image_id, year, price, mileage) values (201, 1, 1, 1, '2002-01-02', 7961, 48635);
insert into sale (id,user_id,model_id, image_id, year, price, mileage) values (202, 1, 1, 1, '2002-01-02', 6101, 112864);
insert into sale (id,user_id,model_id, image_id, year, price, mileage) values (203, 1, 1, 1, '2002-01-02', 5169, 8206);
insert into sale (id,user_id,model_id, image_id, year, price, mileage) values (204, 1, 1, 1, '2002-01-02', 1098, 58332);
insert into sale (id,user_id,model_id, image_id, year, price, mileage) values (205, 1, 1, 1, '2002-01-02', 4288, 192112);
insert into sale (id,user_id,model_id, image_id, year, price, mileage) values (206, 1, 1, 1, '2002-01-02', 8977, 108236);
insert into sale (id,user_id,model_id, image_id, year, price, mileage) values (207, 1, 1, 1, '2002-01-02', 8147, 198194);
insert into sale (id,user_id,model_id, image_id, year, price, mileage) values (208, 1, 1, 1, '2002-01-02', 8092, 38439);
insert into sale (id,user_id,model_id, image_id, year, price, mileage) values (209, 1, 1, 1, '2002-01-02', 8424, 175607);
insert into sale (id,user_id,model_id, image_id, year, price, mileage) values (210, 1, 1, 1, '2002-01-02', 3169, 41277);
insert into sale (id,user_id,model_id, image_id, year, price, mileage) values (211, 1, 1, 1, '2002-01-02', 9277, 106178);
insert into sale (id,user_id,model_id, image_id, year, price, mileage) values (212, 1, 1, 1, '2002-01-02', 7718, 141833);
insert into sale (id,user_id,model_id, image_id, year, price, mileage) values (213, 1, 1, 1, '2002-01-02', 8345, 148888);
insert into sale (id,user_id,model_id, image_id, year, price, mileage) values (214, 1, 1, 1, '2002-01-02', 7889, 64877);
insert into sale (id,user_id,model_id, image_id, year, price, mileage) values (215, 1, 1, 1, '2002-01-02', 1856, 25315);
insert into sale (id,user_id,model_id, image_id, year, price, mileage) values (216, 1, 1, 1, '2002-01-02', 3414, 69507);
insert into sale (id,user_id,model_id, image_id, year, price, mileage) values (217, 1, 1, 1, '2002-01-02', 9013, 46269);
insert into sale (id,user_id,model_id, image_id, year, price, mileage) values (218, 1, 1, 1, '2002-01-02', 8129, 187377);
insert into sale (id,user_id,model_id, image_id, year, price, mileage) values (219, 1, 1, 1, '2002-01-02', 7825, 110824);
insert into sale (id,user_id,model_id, image_id, year, price, mileage) values (220, 1, 1, 1, '2002-01-02', 2254, 114370);
insert into sale (id,user_id,model_id, image_id, year, price, mileage) values (221, 1, 1, 1, '2002-01-02', 8642, 59892);
insert into sale (id,user_id,model_id, image_id, year, price, mileage) values (222, 1, 1, 1, '2002-01-02', 6092, 183629);
insert into sale (id,user_id,model_id, image_id, year, price, mileage) values (223, 1, 1, 1, '2002-01-02', 7528, 76389);
insert into sale (id,user_id,model_id, image_id, year, price, mileage) values (224, 1, 1, 1, '2002-01-02', 4440, 112070);
insert into sale (id,user_id,model_id, image_id, year, price, mileage) values (225, 1, 1, 1, '2002-01-02', 5294, 110546);
insert into sale (id,user_id,model_id, image_id, year, price, mileage) values (226, 1, 1, 1, '2002-01-02', 1787, 188008);
insert into sale (id,user_id,model_id, image_id, year, price, mileage) values (227, 1, 1, 1, '2002-01-02', 3472, 117291);
insert into sale (id,user_id,model_id, image_id, year, price, mileage) values (228, 1, 1, 1, '2002-01-02', 6010, 32762);
insert into sale (id,user_id,model_id, image_id, year, price, mileage) values (229, 1, 1, 1, '2002-01-02', 8362, 46726);
insert into sale (id,user_id,model_id, image_id, year, price, mileage) values (230, 1, 1, 1, '2002-01-02', 2824, 5381);
insert into sale (id,user_id,model_id, image_id, year, price, mileage) values (231, 1, 1, 1, '2002-01-02', 7158, 180109);
insert into sale (id,user_id,model_id, image_id, year, price, mileage) values (232, 1, 1, 1, '2002-01-02', 7756, 161630);
insert into sale (id,user_id,model_id, image_id, year, price, mileage) values (233, 1, 1, 1, '2002-01-02', 6400, 82458);
insert into sale (id,user_id,model_id, image_id, year, price, mileage) values (234, 1, 1, 1, '2002-01-02', 8256, 163718);
insert into sale (id,user_id,model_id, image_id, year, price, mileage) values (235, 1, 1, 1, '2002-01-02', 5947, 106816);
insert into sale (id,user_id,model_id, image_id, year, price, mileage) values (236, 1, 1, 1, '2002-01-02', 7008, 156802);
insert into sale (id,user_id,model_id, image_id, year, price, mileage) values (237, 1, 1, 1, '2002-01-02', 8048, 70593);
insert into sale (id,user_id,model_id, image_id, year, price, mileage) values (238, 1, 1, 1, '2002-01-02', 6499, 75977);
insert into sale (id,user_id,model_id, image_id, year, price, mileage) values (239, 1, 1, 1, '2002-01-02', 2441, 195372);
insert into sale (id,user_id,model_id, image_id, year, price, mileage) values (240, 1, 1, 1, '2002-01-02', 9533, 70349);
insert into sale (id,user_id,model_id, image_id, year, price, mileage) values (241, 1, 1, 1, '2002-01-02', 2787, 632);
insert into sale (id,user_id,model_id, image_id, year, price, mileage) values (242, 1, 1, 1, '2002-01-02', 6475, 179091);
insert into sale (id,user_id,model_id, image_id, year, price, mileage) values (243, 1, 1, 1, '2002-01-02', 2188, 139421);
insert into sale (id,user_id,model_id, image_id, year, price, mileage) values (244, 1, 1, 1, '2002-01-02', 8808, 71385);
insert into sale (id,user_id,model_id, image_id, year, price, mileage) values (245, 1, 1, 1, '2002-01-02', 2702, 8782);
insert into sale (id,user_id,model_id, image_id, year, price, mileage) values (246, 1, 1, 1, '2002-01-02', 4001, 174334);
insert into sale (id,user_id,model_id, image_id, year, price, mileage) values (247, 1, 1, 1, '2002-01-02', 296, 136444);
insert into sale (id,user_id,model_id, image_id, year, price, mileage) values (248, 1, 1, 1, '2002-01-02', 5548, 119872);
insert into sale (id,user_id,model_id, image_id, year, price, mileage) values (249, 1, 1, 1, '2002-01-02', 7524, 192829);
insert into sale (id,user_id,model_id, image_id, year, price, mileage) values (250, 1, 1, 1, '2002-01-02', 7807, 106027);
insert into sale (id,user_id,model_id, image_id, year, price, mileage) values (251, 1, 1, 1, '2002-01-02', 9396, 186750);
insert into sale (id,user_id,model_id, image_id, year, price, mileage) values (252, 1, 1, 1, '2002-01-02', 6399, 5523);
insert into sale (id,user_id,model_id, image_id, year, price, mileage) values (253, 1, 1, 1, '2002-01-02', 762, 35552);
insert into sale (id,user_id,model_id, image_id, year, price, mileage) values (254, 1, 1, 1, '2002-01-02', 9284, 184512);
insert into sale (id,user_id,model_id, image_id, year, price, mileage) values (255, 1, 1, 1, '2002-01-02', 257, 44919);
insert into sale (id,user_id,model_id, image_id, year, price, mileage) values (256, 1, 1, 1, '2002-01-02', 2597, 188299);
insert into sale (id,user_id,model_id, image_id, year, price, mileage) values (257, 1, 1, 1, '2002-01-02', 4090, 57764);
insert into sale (id,user_id,model_id, image_id, year, price, mileage) values (258, 1, 1, 1, '2002-01-02', 7970, 184488);
insert into sale (id,user_id,model_id, image_id, year, price, mileage) values (259, 1, 1, 1, '2002-01-02', 4970, 130841);
insert into sale (id,user_id,model_id, image_id, year, price, mileage) values (260, 1, 1, 1, '2002-01-02', 8938, 155286);
insert into sale (id,user_id,model_id, image_id, year, price, mileage) values (261, 1, 1, 1, '2002-01-02', 8078, 45719);
insert into sale (id,user_id,model_id, image_id, year, price, mileage) values (262, 1, 1, 1, '2002-01-02', 9699, 131276);
insert into sale (id,user_id,model_id, image_id, year, price, mileage) values (263, 1, 1, 1, '2002-01-02', 6655, 159245);
insert into sale (id,user_id,model_id, image_id, year, price, mileage) values (264, 1, 1, 1, '2002-01-02', 3909, 143341);
insert into sale (id,user_id,model_id, image_id, year, price, mileage) values (265, 1, 1, 1, '2002-01-02', 2429, 27512);
insert into sale (id,user_id,model_id, image_id, year, price, mileage) values (266, 1, 1, 1, '2002-01-02', 9209, 25257);
insert into sale (id,user_id,model_id, image_id, year, price, mileage) values (267, 1, 1, 1, '2002-01-02', 5013, 104606);
insert into sale (id,user_id,model_id, image_id, year, price, mileage) values (268, 1, 1, 1, '2002-01-02', 3869, 67683);
insert into sale (id,user_id,model_id, image_id, year, price, mileage) values (269, 1, 1, 1, '2002-01-02', 1673, 109196);
insert into sale (id,user_id,model_id, image_id, year, price, mileage) values (270, 1, 1, 1, '2002-01-02', 7168, 148679);
insert into sale (id,user_id,model_id, image_id, year, price, mileage) values (271, 1, 1, 1, '2002-01-02', 1900, 182608);
insert into sale (id,user_id,model_id, image_id, year, price, mileage) values (272, 1, 1, 1, '2002-01-02', 2951, 143695);
insert into sale (id,user_id,model_id, image_id, year, price, mileage) values (273, 1, 1, 1, '2002-01-02', 1585, 123771);
insert into sale (id,user_id,model_id, image_id, year, price, mileage) values (274, 1, 1, 1, '2002-01-02', 4146, 49226);
insert into sale (id,user_id,model_id, image_id, year, price, mileage) values (275, 1, 1, 1, '2002-01-02', 1242, 199808);
insert into sale (id,user_id,model_id, image_id, year, price, mileage) values (276, 1, 1, 1, '2002-01-02', 6943, 192530);
insert into sale (id,user_id,model_id, image_id, year, price, mileage) values (277, 1, 1, 1, '2002-01-02', 9664, 194794);
insert into sale (id,user_id,model_id, image_id, year, price, mileage) values (278, 1, 1, 1, '2002-01-02', 7284, 1188);
insert into sale (id,user_id,model_id, image_id, year, price, mileage) values (279, 1, 1, 1, '2002-01-02', 7755, 99944);
insert into sale (id,user_id,model_id, image_id, year, price, mileage) values (280, 1, 1, 1, '2002-01-02', 2666, 180656);
insert into sale (id,user_id,model_id, image_id, year, price, mileage) values (281, 1, 1, 1, '2002-01-02', 6228, 171262);
insert into sale (id,user_id,model_id, image_id, year, price, mileage) values (282, 1, 1, 1, '2002-01-02', 3324, 7752);
insert into sale (id,user_id,model_id, image_id, year, price, mileage) values (283, 1, 1, 1, '2002-01-02', 3229, 18307);
insert into sale (id,user_id,model_id, image_id, year, price, mileage) values (284, 1, 1, 1, '2002-01-02', 8531, 159328);
insert into sale (id,user_id,model_id, image_id, year, price, mileage) values (285, 1, 1, 1, '2002-01-02', 351, 51550);
insert into sale (id,user_id,model_id, image_id, year, price, mileage) values (286, 1, 1, 1, '2002-01-02', 9904, 26905);
insert into sale (id,user_id,model_id, image_id, year, price, mileage) values (287, 1, 1, 1, '2002-01-02', 7541, 44868);
insert into sale (id,user_id,model_id, image_id, year, price, mileage) values (288, 1, 1, 1, '2002-01-02', 473, 42020);
insert into sale (id,user_id,model_id, image_id, year, price, mileage) values (289, 1, 1, 1, '2002-01-02', 9233, 181559);
insert into sale (id,user_id,model_id, image_id, year, price, mileage) values (290, 1, 1, 1, '2002-01-02', 2850, 78612);
insert into sale (id,user_id,model_id, image_id, year, price, mileage) values (291, 1, 1, 1, '2002-01-02', 9660, 192364);
insert into sale (id,user_id,model_id, image_id, year, price, mileage) values (292, 1, 1, 1, '2002-01-02', 5295, 186187);
insert into sale (id,user_id,model_id, image_id, year, price, mileage) values (293, 1, 1, 1, '2002-01-02', 8735, 185873);
insert into sale (id,user_id,model_id, image_id, year, price, mileage) values (294, 1, 1, 1, '2002-01-02', 7760, 22390);
insert into sale (id,user_id,model_id, image_id, year, price, mileage) values (295, 1, 1, 1, '2002-01-02', 9621, 167294);
insert into sale (id,user_id,model_id, image_id, year, price, mileage) values (296, 1, 1, 1, '2002-01-02', 646, 130287);
insert into sale (id,user_id,model_id, image_id, year, price, mileage) values (297, 1, 1, 1, '2002-01-02', 3480, 70614);
insert into sale (id,user_id,model_id, image_id, year, price, mileage) values (298, 1, 1, 1, '2002-01-02', 8813, 82089);
insert into sale (id,user_id,model_id, image_id, year, price, mileage) values (299, 1, 1, 1, '2002-01-02', 2093, 49783);
insert into sale (id,user_id,model_id, image_id, year, price, mileage) values (300, 1, 1, 1, '2002-01-02', 1860, 77819);
insert into sale (id,user_id,model_id, image_id, year, price, mileage) values (301, 1, 1, 1, '2002-01-02', 498, 122777);
insert into sale (id,user_id,model_id, image_id, year, price, mileage) values (302, 1, 1, 1, '2002-01-02', 2118, 38640);
insert into sale (id,user_id,model_id, image_id, year, price, mileage) values (303, 1, 1, 1, '2002-01-02', 366, 102544);
insert into sale (id,user_id,model_id, image_id, year, price, mileage) values (304, 1, 1, 1, '2002-01-02', 9238, 17204);
insert into sale (id,user_id,model_id, image_id, year, price, mileage) values (305, 1, 1, 1, '2002-01-02', 9293, 123275);
insert into sale (id,user_id,model_id, image_id, year, price, mileage) values (306, 1, 1, 1, '2002-01-02', 9915, 11718);
insert into sale (id,user_id,model_id, image_id, year, price, mileage) values (307, 1, 1, 1, '2002-01-02', 7659, 49665);
insert into sale (id,user_id,model_id, image_id, year, price, mileage) values (308, 1, 1, 1, '2002-01-02', 8211, 119645);
insert into sale (id,user_id,model_id, image_id, year, price, mileage) values (309, 1, 1, 1, '2002-01-02', 5668, 189492);
insert into sale (id,user_id,model_id, image_id, year, price, mileage) values (310, 1, 1, 1, '2002-01-02', 7344, 107733);
insert into sale (id,user_id,model_id, image_id, year, price, mileage) values (311, 1, 1, 1, '2002-01-02', 2585, 92700);
insert into sale (id,user_id,model_id, image_id, year, price, mileage) values (312, 1, 1, 1, '2002-01-02', 8806, 66689);
insert into sale (id,user_id,model_id, image_id, year, price, mileage) values (313, 1, 1, 1, '2002-01-02', 7403, 68066);
insert into sale (id,user_id,model_id, image_id, year, price, mileage) values (314, 1, 1, 1, '2002-01-02', 148, 124219);
insert into sale (id,user_id,model_id, image_id, year, price, mileage) values (315, 1, 1, 1, '2002-01-02', 2399, 64568);
insert into sale (id,user_id,model_id, image_id, year, price, mileage) values (316, 1, 1, 1, '2002-01-02', 1579, 25029);
insert into sale (id,user_id,model_id, image_id, year, price, mileage) values (317, 1, 1, 1, '2002-01-02', 7151, 109740);
insert into sale (id,user_id,model_id, image_id, year, price, mileage) values (318, 1, 1, 1, '2002-01-02', 8862, 169689);
insert into sale (id,user_id,model_id, image_id, year, price, mileage) values (319, 1, 1, 1, '2002-01-02', 2470, 61007);
insert into sale (id,user_id,model_id, image_id, year, price, mileage) values (320, 1, 1, 1, '2002-01-02', 1780, 108142);
insert into sale (id,user_id,model_id, image_id, year, price, mileage) values (321, 1, 1, 1, '2002-01-02', 6448, 75512);
insert into sale (id,user_id,model_id, image_id, year, price, mileage) values (322, 1, 1, 1, '2002-01-02', 7315, 83162);
insert into sale (id,user_id,model_id, image_id, year, price, mileage) values (323, 1, 1, 1, '2002-01-02', 3686, 34842);
insert into sale (id,user_id,model_id, image_id, year, price, mileage) values (324, 1, 1, 1, '2002-01-02', 2334, 142694);
insert into sale (id,user_id,model_id, image_id, year, price, mileage) values (325, 1, 1, 1, '2002-01-02', 2485, 146934);
insert into sale (id,user_id,model_id, image_id, year, price, mileage) values (326, 1, 1, 1, '2002-01-02', 9724, 119066);
insert into sale (id,user_id,model_id, image_id, year, price, mileage) values (327, 1, 1, 1, '2002-01-02', 5603, 190092);
insert into sale (id,user_id,model_id, image_id, year, price, mileage) values (328, 1, 1, 1, '2002-01-02', 5860, 192209);
insert into sale (id,user_id,model_id, image_id, year, price, mileage) values (329, 1, 1, 1, '2002-01-02', 1228, 43300);
insert into sale (id,user_id,model_id, image_id, year, price, mileage) values (330, 1, 1, 1, '2002-01-02', 6453, 100878);
insert into sale (id,user_id,model_id, image_id, year, price, mileage) values (331, 1, 1, 1, '2002-01-02', 9538, 170928);
insert into sale (id,user_id,model_id, image_id, year, price, mileage) values (332, 1, 1, 1, '2002-01-02', 9865, 181323);
insert into sale (id,user_id,model_id, image_id, year, price, mileage) values (333, 1, 1, 1, '2002-01-02', 6189, 184609);
insert into sale (id,user_id,model_id, image_id, year, price, mileage) values (334, 1, 1, 1, '2002-01-02', 6507, 140823);
insert into sale (id,user_id,model_id, image_id, year, price, mileage) values (335, 1, 1, 1, '2002-01-02', 9818, 4785);
insert into sale (id,user_id,model_id, image_id, year, price, mileage) values (336, 1, 1, 1, '2002-01-02', 6130, 110996);
insert into sale (id,user_id,model_id, image_id, year, price, mileage) values (337, 1, 1, 1, '2002-01-02', 6157, 181541);
insert into sale (id,user_id,model_id, image_id, year, price, mileage) values (338, 1, 1, 1, '2002-01-02', 5624, 73159);
insert into sale (id,user_id,model_id, image_id, year, price, mileage) values (339, 1, 1, 1, '2002-01-02', 9524, 129398);
insert into sale (id,user_id,model_id, image_id, year, price, mileage) values (340, 1, 1, 1, '2002-01-02', 2415, 158404);
insert into sale (id,user_id,model_id, image_id, year, price, mileage) values (341, 1, 1, 1, '2002-01-02', 166, 182348);
insert into sale (id,user_id,model_id, image_id, year, price, mileage) values (342, 1, 1, 1, '2002-01-02', 5031, 154990);
insert into sale (id,user_id,model_id, image_id, year, price, mileage) values (343, 1, 1, 1, '2002-01-02', 2005, 10326);
insert into sale (id,user_id,model_id, image_id, year, price, mileage) values (344, 1, 1, 1, '2002-01-02', 9651, 14783);
insert into sale (id,user_id,model_id, image_id, year, price, mileage) values (345, 1, 1, 1, '2002-01-02', 4302, 161430);
insert into sale (id,user_id,model_id, image_id, year, price, mileage) values (346, 1, 1, 1, '2002-01-02', 9895, 151280);
insert into sale (id,user_id,model_id, image_id, year, price, mileage) values (347, 1, 1, 1, '2002-01-02', 7241, 38519);
insert into sale (id,user_id,model_id, image_id, year, price, mileage) values (348, 1, 1, 1, '2002-01-02', 9241, 130324);
insert into sale (id,user_id,model_id, image_id, year, price, mileage) values (349, 1, 1, 1, '2002-01-02', 505, 95489);
insert into sale (id,user_id,model_id, image_id, year, price, mileage) values (350, 1, 1, 1, '2002-01-02', 741, 39666);
insert into sale (id,user_id,model_id, image_id, year, price, mileage) values (351, 1, 1, 1, '2002-01-02', 9228, 186733);
insert into sale (id,user_id,model_id, image_id, year, price, mileage) values (352, 1, 1, 1, '2002-01-02', 4251, 107276);
insert into sale (id,user_id,model_id, image_id, year, price, mileage) values (353, 1, 1, 1, '2002-01-02', 1407, 140573);
insert into sale (id,user_id,model_id, image_id, year, price, mileage) values (354, 1, 1, 1, '2002-01-02', 7389, 45859);
insert into sale (id,user_id,model_id, image_id, year, price, mileage) values (355, 1, 1, 1, '2002-01-02', 6783, 99126);
insert into sale (id,user_id,model_id, image_id, year, price, mileage) values (356, 1, 1, 1, '2002-01-02', 8554, 110772);
insert into sale (id,user_id,model_id, image_id, year, price, mileage) values (357, 1, 1, 1, '2002-01-02', 5600, 196897);
insert into sale (id,user_id,model_id, image_id, year, price, mileage) values (358, 1, 1, 1, '2002-01-02', 9507, 151884);
insert into sale (id,user_id,model_id, image_id, year, price, mileage) values (359, 1, 1, 1, '2002-01-02', 9253, 90116);
insert into sale (id,user_id,model_id, image_id, year, price, mileage) values (360, 1, 1, 1, '2002-01-02', 1916, 51403);
insert into sale (id,user_id,model_id, image_id, year, price, mileage) values (361, 1, 1, 1, '2002-01-02', 525, 28276);
insert into sale (id,user_id,model_id, image_id, year, price, mileage) values (362, 1, 1, 1, '2002-01-02', 5000, 7101);
insert into sale (id,user_id,model_id, image_id, year, price, mileage) values (363, 1, 1, 1, '2002-01-02', 7158, 136575);
insert into sale (id,user_id,model_id, image_id, year, price, mileage) values (364, 1, 1, 1, '2002-01-02', 1210, 34451);
insert into sale (id,user_id,model_id, image_id, year, price, mileage) values (365, 1, 1, 1, '2002-01-02', 8764, 189081);
insert into sale (id,user_id,model_id, image_id, year, price, mileage) values (366, 1, 1, 1, '2002-01-02', 9329, 115869);
insert into sale (id,user_id,model_id, image_id, year, price, mileage) values (367, 1, 1, 1, '2002-01-02', 3139, 161725);
insert into sale (id,user_id,model_id, image_id, year, price, mileage) values (368, 1, 1, 1, '2002-01-02', 3174, 167709);
insert into sale (id,user_id,model_id, image_id, year, price, mileage) values (369, 1, 1, 1, '2002-01-02', 2506, 4057);
insert into sale (id,user_id,model_id, image_id, year, price, mileage) values (370, 1, 1, 1, '2002-01-02', 5209, 75960);
insert into sale (id,user_id,model_id, image_id, year, price, mileage) values (371, 1, 1, 1, '2002-01-02', 1604, 129570);
insert into sale (id,user_id,model_id, image_id, year, price, mileage) values (372, 1, 1, 1, '2002-01-02', 8647, 73160);
insert into sale (id,user_id,model_id, image_id, year, price, mileage) values (373, 1, 1, 1, '2002-01-02', 3608, 144933);
insert into sale (id,user_id,model_id, image_id, year, price, mileage) values (374, 1, 1, 1, '2002-01-02', 2472, 98223);
insert into sale (id,user_id,model_id, image_id, year, price, mileage) values (375, 1, 1, 1, '2002-01-02', 541, 95494);
insert into sale (id,user_id,model_id, image_id, year, price, mileage) values (376, 1, 1, 1, '2002-01-02', 8403, 157373);
insert into sale (id,user_id,model_id, image_id, year, price, mileage) values (377, 1, 1, 1, '2002-01-02', 1430, 152683);
insert into sale (id,user_id,model_id, image_id, year, price, mileage) values (378, 1, 1, 1, '2002-01-02', 6024, 50730);
insert into sale (id,user_id,model_id, image_id, year, price, mileage) values (379, 1, 1, 1, '2002-01-02', 1022, 191631);
insert into sale (id,user_id,model_id, image_id, year, price, mileage) values (380, 1, 1, 1, '2002-01-02', 3459, 61250);
insert into sale (id,user_id,model_id, image_id, year, price, mileage) values (381, 1, 1, 1, '2002-01-02', 2028, 165378);
insert into sale (id,user_id,model_id, image_id, year, price, mileage) values (382, 1, 1, 1, '2002-01-02', 4047, 39565);
insert into sale (id,user_id,model_id, image_id, year, price, mileage) values (383, 1, 1, 1, '2002-01-02', 7492, 164888);
insert into sale (id,user_id,model_id, image_id, year, price, mileage) values (384, 1, 1, 1, '2002-01-02', 6528, 131875);
insert into sale (id,user_id,model_id, image_id, year, price, mileage) values (385, 1, 1, 1, '2002-01-02', 5967, 129003);
insert into sale (id,user_id,model_id, image_id, year, price, mileage) values (386, 1, 1, 1, '2002-01-02', 9549, 63615);
insert into sale (id,user_id,model_id, image_id, year, price, mileage) values (387, 1, 1, 1, '2002-01-02', 4222, 131006);
insert into sale (id,user_id,model_id, image_id, year, price, mileage) values (388, 1, 1, 1, '2002-01-02', 1295, 37508);
insert into sale (id,user_id,model_id, image_id, year, price, mileage) values (389, 1, 1, 1, '2002-01-02', 7900, 92208);
insert into sale (id,user_id,model_id, image_id, year, price, mileage) values (390, 1, 1, 1, '2002-01-02', 3197, 162167);
insert into sale (id,user_id,model_id, image_id, year, price, mileage) values (391, 1, 1, 1, '2002-01-02', 9903, 59808);
insert into sale (id,user_id,model_id, image_id, year, price, mileage) values (392, 1, 1, 1, '2002-01-02', 2668, 181346);
insert into sale (id,user_id,model_id, image_id, year, price, mileage) values (393, 1, 1, 1, '2002-01-02', 1312, 15857);
insert into sale (id,user_id,model_id, image_id, year, price, mileage) values (394, 1, 1, 1, '2002-01-02', 7343, 111810);
insert into sale (id,user_id,model_id, image_id, year, price, mileage) values (395, 1, 1, 1, '2002-01-02', 8447, 164774);
insert into sale (id,user_id,model_id, image_id, year, price, mileage) values (396, 1, 1, 1, '2002-01-02', 698, 160491);
insert into sale (id,user_id,model_id, image_id, year, price, mileage) values (397, 1, 1, 1, '2002-01-02', 985, 64388);
insert into sale (id,user_id,model_id, image_id, year, price, mileage) values (398, 1, 1, 1, '2002-01-02', 4903, 123100);
insert into sale (id,user_id,model_id, image_id, year, price, mileage) values (399, 1, 1, 1, '2002-01-02', 7880, 34359);
insert into sale (id,user_id,model_id, image_id, year, price, mileage) values (400, 1, 1, 1, '2002-01-02', 353, 163640);
insert into sale (id,user_id,model_id, image_id, year, price, mileage) values (401, 1, 1, 1, '2002-01-02', 6430, 188345);
insert into sale (id,user_id,model_id, image_id, year, price, mileage) values (402, 1, 1, 1, '2002-01-02', 2336, 137604);
insert into sale (id,user_id,model_id, image_id, year, price, mileage) values (403, 1, 1, 1, '2002-01-02', 7633, 12964);
insert into sale (id,user_id,model_id, image_id, year, price, mileage) values (404, 1, 1, 1, '2002-01-02', 4518, 104331);
insert into sale (id,user_id,model_id, image_id, year, price, mileage) values (405, 1, 1, 1, '2002-01-02', 7809, 156113);
insert into sale (id,user_id,model_id, image_id, year, price, mileage) values (406, 1, 1, 1, '2002-01-02', 5479, 32440);
insert into sale (id,user_id,model_id, image_id, year, price, mileage) values (407, 1, 1, 1, '2002-01-02', 9950, 16245);
insert into sale (id,user_id,model_id, image_id, year, price, mileage) values (408, 1, 1, 1, '2002-01-02', 4835, 46141);
insert into sale (id,user_id,model_id, image_id, year, price, mileage) values (409, 1, 1, 1, '2002-01-02', 7588, 47741);
insert into sale (id,user_id,model_id, image_id, year, price, mileage) values (410, 1, 1, 1, '2002-01-02', 804, 102063);
insert into sale (id,user_id,model_id, image_id, year, price, mileage) values (411, 1, 1, 1, '2002-01-02', 7507, 48428);
insert into sale (id,user_id,model_id, image_id, year, price, mileage) values (412, 1, 1, 1, '2002-01-02', 2588, 92064);
insert into sale (id,user_id,model_id, image_id, year, price, mileage) values (413, 1, 1, 1, '2002-01-02', 2129, 184892);
insert into sale (id,user_id,model_id, image_id, year, price, mileage) values (414, 1, 1, 1, '2002-01-02', 4829, 6051);
insert into sale (id,user_id,model_id, image_id, year, price, mileage) values (415, 1, 1, 1, '2002-01-02', 7634, 178579);
insert into sale (id,user_id,model_id, image_id, year, price, mileage) values (416, 1, 1, 1, '2002-01-02', 7635, 182360);
insert into sale (id,user_id,model_id, image_id, year, price, mileage) values (417, 1, 1, 1, '2002-01-02', 7085, 138323);
insert into sale (id,user_id,model_id, image_id, year, price, mileage) values (418, 1, 1, 1, '2002-01-02', 9410, 146800);
insert into sale (id,user_id,model_id, image_id, year, price, mileage) values (419, 1, 1, 1, '2002-01-02', 9933, 28278);
insert into sale (id,user_id,model_id, image_id, year, price, mileage) values (420, 1, 1, 1, '2002-01-02', 5723, 173495);
insert into sale (id,user_id,model_id, image_id, year, price, mileage) values (421, 1, 1, 1, '2002-01-02', 3853, 27951);
insert into sale (id,user_id,model_id, image_id, year, price, mileage) values (422, 1, 1, 1, '2002-01-02', 2602, 172486);
insert into sale (id,user_id,model_id, image_id, year, price, mileage) values (423, 1, 1, 1, '2002-01-02', 2827, 124891);
insert into sale (id,user_id,model_id, image_id, year, price, mileage) values (424, 1, 1, 1, '2002-01-02', 4037, 155336);
insert into sale (id,user_id,model_id, image_id, year, price, mileage) values (425, 1, 1, 1, '2002-01-02', 2806, 10417);
insert into sale (id,user_id,model_id, image_id, year, price, mileage) values (426, 1, 1, 1, '2002-01-02', 5491, 188385);
insert into sale (id,user_id,model_id, image_id, year, price, mileage) values (427, 1, 1, 1, '2002-01-02', 565, 182665);
insert into sale (id,user_id,model_id, image_id, year, price, mileage) values (428, 1, 1, 1, '2002-01-02', 5794, 4640);
insert into sale (id,user_id,model_id, image_id, year, price, mileage) values (429, 1, 1, 1, '2002-01-02', 5139, 35228);
insert into sale (id,user_id,model_id, image_id, year, price, mileage) values (430, 1, 1, 1, '2002-01-02', 7040, 103526);
insert into sale (id,user_id,model_id, image_id, year, price, mileage) values (431, 1, 1, 1, '2002-01-02', 4471, 88112);
insert into sale (id,user_id,model_id, image_id, year, price, mileage) values (432, 1, 1, 1, '2002-01-02', 8595, 69873);
insert into sale (id,user_id,model_id, image_id, year, price, mileage) values (433, 1, 1, 1, '2002-01-02', 3829, 42910);
insert into sale (id,user_id,model_id, image_id, year, price, mileage) values (434, 1, 1, 1, '2002-01-02', 9635, 139907);
insert into sale (id,user_id,model_id, image_id, year, price, mileage) values (435, 1, 1, 1, '2002-01-02', 6062, 86661);
insert into sale (id,user_id,model_id, image_id, year, price, mileage) values (436, 1, 1, 1, '2002-01-02', 6384, 35778);
insert into sale (id,user_id,model_id, image_id, year, price, mileage) values (437, 1, 1, 1, '2002-01-02', 8385, 177241);
insert into sale (id,user_id,model_id, image_id, year, price, mileage) values (438, 1, 1, 1, '2002-01-02', 8629, 87905);
insert into sale (id,user_id,model_id, image_id, year, price, mileage) values (439, 1, 1, 1, '2002-01-02', 2606, 194315);
insert into sale (id,user_id,model_id, image_id, year, price, mileage) values (440, 1, 1, 1, '2002-01-02', 6511, 25655);
insert into sale (id,user_id,model_id, image_id, year, price, mileage) values (441, 1, 1, 1, '2002-01-02', 1696, 88546);
insert into sale (id,user_id,model_id, image_id, year, price, mileage) values (442, 1, 1, 1, '2002-01-02', 5954, 4234);
insert into sale (id,user_id,model_id, image_id, year, price, mileage) values (443, 1, 1, 1, '2002-01-02', 2473, 191056);
insert into sale (id,user_id,model_id, image_id, year, price, mileage) values (444, 1, 1, 1, '2002-01-02', 3724, 65128);
insert into sale (id,user_id,model_id, image_id, year, price, mileage) values (445, 1, 1, 1, '2002-01-02', 7825, 16116);
insert into sale (id,user_id,model_id, image_id, year, price, mileage) values (446, 1, 1, 1, '2002-01-02', 1788, 117736);
insert into sale (id,user_id,model_id, image_id, year, price, mileage) values (447, 1, 1, 1, '2002-01-02', 9573, 92000);
insert into sale (id,user_id,model_id, image_id, year, price, mileage) values (448, 1, 1, 1, '2002-01-02', 8920, 153262);
insert into sale (id,user_id,model_id, image_id, year, price, mileage) values (449, 1, 1, 1, '2002-01-02', 7517, 55257);
insert into sale (id,user_id,model_id, image_id, year, price, mileage) values (450, 1, 1, 1, '2002-01-02', 2484, 133490);
insert into sale (id,user_id,model_id, image_id, year, price, mileage) values (451, 1, 1, 1, '2002-01-02', 3403, 137821);
insert into sale (id,user_id,model_id, image_id, year, price, mileage) values (452, 1, 1, 1, '2002-01-02', 7978, 165209);
insert into sale (id,user_id,model_id, image_id, year, price, mileage) values (453, 1, 1, 1, '2002-01-02', 6355, 38050);
insert into sale (id,user_id,model_id, image_id, year, price, mileage) values (454, 1, 1, 1, '2002-01-02', 1759, 107174);
insert into sale (id,user_id,model_id, image_id, year, price, mileage) values (455, 1, 1, 1, '2002-01-02', 3175, 97693);
insert into sale (id,user_id,model_id, image_id, year, price, mileage) values (456, 1, 1, 1, '2002-01-02', 6380, 45120);
insert into sale (id,user_id,model_id, image_id, year, price, mileage) values (457, 1, 1, 1, '2002-01-02', 260, 186831);
insert into sale (id,user_id,model_id, image_id, year, price, mileage) values (458, 1, 1, 1, '2002-01-02', 1852, 199293);
insert into sale (id,user_id,model_id, image_id, year, price, mileage) values (459, 1, 1, 1, '2002-01-02', 5612, 36045);
insert into sale (id,user_id,model_id, image_id, year, price, mileage) values (460, 1, 1, 1, '2002-01-02', 9302, 38895);
insert into sale (id,user_id,model_id, image_id, year, price, mileage) values (461, 1, 1, 1, '2002-01-02', 3269, 135500);
insert into sale (id,user_id,model_id, image_id, year, price, mileage) values (462, 1, 1, 1, '2002-01-02', 6275, 112858);
insert into sale (id,user_id,model_id, image_id, year, price, mileage) values (463, 1, 1, 1, '2002-01-02', 5131, 58651);
insert into sale (id,user_id,model_id, image_id, year, price, mileage) values (464, 1, 1, 1, '2002-01-02', 3447, 63414);
insert into sale (id,user_id,model_id, image_id, year, price, mileage) values (465, 1, 1, 1, '2002-01-02', 353, 56181);
insert into sale (id,user_id,model_id, image_id, year, price, mileage) values (466, 1, 1, 1, '2002-01-02', 1385, 68274);
insert into sale (id,user_id,model_id, image_id, year, price, mileage) values (467, 1, 1, 1, '2002-01-02', 6804, 124103);
insert into sale (id,user_id,model_id, image_id, year, price, mileage) values (468, 1, 1, 1, '2002-01-02', 3526, 112192);
insert into sale (id,user_id,model_id, image_id, year, price, mileage) values (469, 1, 1, 1, '2002-01-02', 9873, 77360);
insert into sale (id,user_id,model_id, image_id, year, price, mileage) values (470, 1, 1, 1, '2002-01-02', 2623, 175645);
insert into sale (id,user_id,model_id, image_id, year, price, mileage) values (471, 1, 1, 1, '2002-01-02', 5881, 183454);
insert into sale (id,user_id,model_id, image_id, year, price, mileage) values (472, 1, 1, 1, '2002-01-02', 2889, 57000);
insert into sale (id,user_id,model_id, image_id, year, price, mileage) values (473, 1, 1, 1, '2002-01-02', 10000, 134517);
insert into sale (id,user_id,model_id, image_id, year, price, mileage) values (474, 1, 1, 1, '2002-01-02', 5661, 27414);
insert into sale (id,user_id,model_id, image_id, year, price, mileage) values (475, 1, 1, 1, '2002-01-02', 5923, 93858);
insert into sale (id,user_id,model_id, image_id, year, price, mileage) values (476, 1, 1, 1, '2002-01-02', 6616, 120789);
insert into sale (id,user_id,model_id, image_id, year, price, mileage) values (477, 1, 1, 1, '2002-01-02', 3921, 55434);
insert into sale (id,user_id,model_id, image_id, year, price, mileage) values (478, 1, 1, 1, '2002-01-02', 4350, 53179);
insert into sale (id,user_id,model_id, image_id, year, price, mileage) values (479, 1, 1, 1, '2002-01-02', 3719, 141251);
insert into sale (id,user_id,model_id, image_id, year, price, mileage) values (480, 1, 1, 1, '2002-01-02', 8575, 69346);
insert into sale (id,user_id,model_id, image_id, year, price, mileage) values (481, 1, 1, 1, '2002-01-02', 9580, 49677);
insert into sale (id,user_id,model_id, image_id, year, price, mileage) values (482, 1, 1, 1, '2002-01-02', 7319, 53733);
insert into sale (id,user_id,model_id, image_id, year, price, mileage) values (483, 1, 1, 1, '2002-01-02', 7648, 2661);
insert into sale (id,user_id,model_id, image_id, year, price, mileage) values (484, 1, 1, 1, '2002-01-02', 9401, 197401);
insert into sale (id,user_id,model_id, image_id, year, price, mileage) values (485, 1, 1, 1, '2002-01-02', 3580, 45462);
insert into sale (id,user_id,model_id, image_id, year, price, mileage) values (486, 1, 1, 1, '2002-01-02', 5341, 162829);
insert into sale (id,user_id,model_id, image_id, year, price, mileage) values (487, 1, 1, 1, '2002-01-02', 2970, 180465);
insert into sale (id,user_id,model_id, image_id, year, price, mileage) values (488, 1, 1, 1, '2002-01-02', 9628, 69528);
insert into sale (id,user_id,model_id, image_id, year, price, mileage) values (489, 1, 1, 1, '2002-01-02', 3999, 96922);
insert into sale (id,user_id,model_id, image_id, year, price, mileage) values (490, 1, 1, 1, '2002-01-02', 3290, 72848);
insert into sale (id,user_id,model_id, image_id, year, price, mileage) values (491, 1, 1, 1, '2002-01-02', 5763, 148943);
insert into sale (id,user_id,model_id, image_id, year, price, mileage) values (492, 1, 1, 1, '2002-01-02', 4710, 116927);
insert into sale (id,user_id,model_id, image_id, year, price, mileage) values (493, 1, 1, 1, '2002-01-02', 8506, 170994);
insert into sale (id,user_id,model_id, image_id, year, price, mileage) values (494, 1, 1, 1, '2002-01-02', 8784, 104512);
insert into sale (id,user_id,model_id, image_id, year, price, mileage) values (495, 1, 1, 1, '2002-01-02', 6538, 67714);
insert into sale (id,user_id,model_id, image_id, year, price, mileage) values (496, 1, 1, 1, '2002-01-02', 9941, 188322);
insert into sale (id,user_id,model_id, image_id, year, price, mileage) values (497, 1, 1, 1, '2002-01-02', 6399, 15462);
insert into sale (id,user_id,model_id, image_id, year, price, mileage) values (498, 1, 1, 1, '2002-01-02', 7201, 957);
insert into sale (id,user_id,model_id, image_id, year, price, mileage) values (499, 1, 1, 1, '2002-01-02', 1740, 137167);
insert into sale (id,user_id,model_id, image_id, year, price, mileage) values (500, 1, 1, 1, '2002-01-02', 3724, 6474);
insert into sale (id,user_id,model_id, image_id, year, price, mileage) values (501, 1, 1, 1, '2002-01-02', 3615, 108388);
insert into sale (id,user_id,model_id, image_id, year, price, mileage) values (502, 1, 1, 1, '2002-01-02', 3919, 182956);
insert into sale (id,user_id,model_id, image_id, year, price, mileage) values (503, 1, 1, 1, '2002-01-02', 976, 97744);
insert into sale (id,user_id,model_id, image_id, year, price, mileage) values (504, 1, 1, 1, '2002-01-02', 1297, 191410);
insert into sale (id,user_id,model_id, image_id, year, price, mileage) values (505, 1, 1, 1, '2002-01-02', 7534, 93995);
insert into sale (id,user_id,model_id, image_id, year, price, mileage) values (506, 1, 1, 1, '2002-01-02', 1370, 14749);
insert into sale (id,user_id,model_id, image_id, year, price, mileage) values (507, 1, 1, 1, '2002-01-02', 8460, 7941);
insert into sale (id,user_id,model_id, image_id, year, price, mileage) values (508, 1, 1, 1, '2002-01-02', 445, 77267);
insert into sale (id,user_id,model_id, image_id, year, price, mileage) values (509, 1, 1, 1, '2002-01-02', 5772, 21220);
insert into sale (id,user_id,model_id, image_id, year, price, mileage) values (510, 1, 1, 1, '2002-01-02', 3516, 198904);
insert into sale (id,user_id,model_id, image_id, year, price, mileage) values (511, 1, 1, 1, '2002-01-02', 4082, 75158);
insert into sale (id,user_id,model_id, image_id, year, price, mileage) values (512, 1, 1, 1, '2002-01-02', 8525, 171747);
insert into sale (id,user_id,model_id, image_id, year, price, mileage) values (513, 1, 1, 1, '2002-01-02', 1395, 118551);
insert into sale (id,user_id,model_id, image_id, year, price, mileage) values (514, 1, 1, 1, '2002-01-02', 2003, 143801);
insert into sale (id,user_id,model_id, image_id, year, price, mileage) values (515, 1, 1, 1, '2002-01-02', 1358, 159045);
insert into sale (id,user_id,model_id, image_id, year, price, mileage) values (516, 1, 1, 1, '2002-01-02', 4041, 185471);
insert into sale (id,user_id,model_id, image_id, year, price, mileage) values (517, 1, 1, 1, '2002-01-02', 7405, 162369);
insert into sale (id,user_id,model_id, image_id, year, price, mileage) values (518, 1, 1, 1, '2002-01-02', 117, 28822);
insert into sale (id,user_id,model_id, image_id, year, price, mileage) values (519, 1, 1, 1, '2002-01-02', 9801, 18704);
insert into sale (id,user_id,model_id, image_id, year, price, mileage) values (520, 1, 1, 1, '2002-01-02', 988, 93107);
insert into sale (id,user_id,model_id, image_id, year, price, mileage) values (521, 1, 1, 1, '2002-01-02', 1533, 125908);
insert into sale (id,user_id,model_id, image_id, year, price, mileage) values (522, 1, 1, 1, '2002-01-02', 7749, 129967);
insert into sale (id,user_id,model_id, image_id, year, price, mileage) values (523, 1, 1, 1, '2002-01-02', 9487, 33187);
insert into sale (id,user_id,model_id, image_id, year, price, mileage) values (524, 1, 1, 1, '2002-01-02', 3910, 78969);
insert into sale (id,user_id,model_id, image_id, year, price, mileage) values (525, 1, 1, 1, '2002-01-02', 259, 132091);
insert into sale (id,user_id,model_id, image_id, year, price, mileage) values (526, 1, 1, 1, '2002-01-02', 8475, 162617);
insert into sale (id,user_id,model_id, image_id, year, price, mileage) values (527, 1, 1, 1, '2002-01-02', 4381, 188921);
insert into sale (id,user_id,model_id, image_id, year, price, mileage) values (528, 1, 1, 1, '2002-01-02', 1814, 66843);
insert into sale (id,user_id,model_id, image_id, year, price, mileage) values (529, 1, 1, 1, '2002-01-02', 4793, 175869);
insert into sale (id,user_id,model_id, image_id, year, price, mileage) values (530, 1, 1, 1, '2002-01-02', 269, 148314);
insert into sale (id,user_id,model_id, image_id, year, price, mileage) values (531, 1, 1, 1, '2002-01-02', 6803, 198237);
insert into sale (id,user_id,model_id, image_id, year, price, mileage) values (532, 1, 1, 1, '2002-01-02', 2090, 37121);
insert into sale (id,user_id,model_id, image_id, year, price, mileage) values (533, 1, 1, 1, '2002-01-02', 7528, 30324);
insert into sale (id,user_id,model_id, image_id, year, price, mileage) values (534, 1, 1, 1, '2002-01-02', 7640, 18912);
insert into sale (id,user_id,model_id, image_id, year, price, mileage) values (535, 1, 1, 1, '2002-01-02', 2450, 89925);
insert into sale (id,user_id,model_id, image_id, year, price, mileage) values (536, 1, 1, 1, '2002-01-02', 5979, 93902);
insert into sale (id,user_id,model_id, image_id, year, price, mileage) values (537, 1, 1, 1, '2002-01-02', 277, 5683);
insert into sale (id,user_id,model_id, image_id, year, price, mileage) values (538, 1, 1, 1, '2002-01-02', 9554, 34116);
insert into sale (id,user_id,model_id, image_id, year, price, mileage) values (539, 1, 1, 1, '2002-01-02', 9040, 95746);
insert into sale (id,user_id,model_id, image_id, year, price, mileage) values (540, 1, 1, 1, '2002-01-02', 2591, 60530);
insert into sale (id,user_id,model_id, image_id, year, price, mileage) values (541, 1, 1, 1, '2002-01-02', 5610, 191535);
insert into sale (id,user_id,model_id, image_id, year, price, mileage) values (542, 1, 1, 1, '2002-01-02', 4588, 107399);
insert into sale (id,user_id,model_id, image_id, year, price, mileage) values (543, 1, 1, 1, '2002-01-02', 4663, 146095);
insert into sale (id,user_id,model_id, image_id, year, price, mileage) values (544, 1, 1, 1, '2002-01-02', 3999, 54106);
insert into sale (id,user_id,model_id, image_id, year, price, mileage) values (545, 1, 1, 1, '2002-01-02', 5010, 79886);
insert into sale (id,user_id,model_id, image_id, year, price, mileage) values (546, 1, 1, 1, '2002-01-02', 1757, 110452);
insert into sale (id,user_id,model_id, image_id, year, price, mileage) values (547, 1, 1, 1, '2002-01-02', 1822, 183508);
insert into sale (id,user_id,model_id, image_id, year, price, mileage) values (548, 1, 1, 1, '2002-01-02', 8131, 17854);
insert into sale (id,user_id,model_id, image_id, year, price, mileage) values (549, 1, 1, 1, '2002-01-02', 5316, 40381);
insert into sale (id,user_id,model_id, image_id, year, price, mileage) values (550, 1, 1, 1, '2002-01-02', 8106, 157808);
insert into sale (id,user_id,model_id, image_id, year, price, mileage) values (551, 1, 1, 1, '2002-01-02', 8768, 4468);
insert into sale (id,user_id,model_id, image_id, year, price, mileage) values (552, 1, 1, 1, '2002-01-02', 4546, 174751);
insert into sale (id,user_id,model_id, image_id, year, price, mileage) values (553, 1, 1, 1, '2002-01-02', 1343, 198843);
insert into sale (id,user_id,model_id, image_id, year, price, mileage) values (554, 1, 1, 1, '2002-01-02', 3263, 160928);
insert into sale (id,user_id,model_id, image_id, year, price, mileage) values (555, 1, 1, 1, '2002-01-02', 1434, 47975);
insert into sale (id,user_id,model_id, image_id, year, price, mileage) values (556, 1, 1, 1, '2002-01-02', 7899, 6699);
insert into sale (id,user_id,model_id, image_id, year, price, mileage) values (557, 1, 1, 1, '2002-01-02', 489, 56458);
insert into sale (id,user_id,model_id, image_id, year, price, mileage) values (558, 1, 1, 1, '2002-01-02', 1147, 185024);
insert into sale (id,user_id,model_id, image_id, year, price, mileage) values (559, 1, 1, 1, '2002-01-02', 488, 63603);
insert into sale (id,user_id,model_id, image_id, year, price, mileage) values (560, 1, 1, 1, '2002-01-02', 1224, 60544);
insert into sale (id,user_id,model_id, image_id, year, price, mileage) values (561, 1, 1, 1, '2002-01-02', 148, 79285);
insert into sale (id,user_id,model_id, image_id, year, price, mileage) values (562, 1, 1, 1, '2002-01-02', 5882, 142067);
insert into sale (id,user_id,model_id, image_id, year, price, mileage) values (563, 1, 1, 1, '2002-01-02', 7537, 112271);
insert into sale (id,user_id,model_id, image_id, year, price, mileage) values (564, 1, 1, 1, '2002-01-02', 1886, 35605);
insert into sale (id,user_id,model_id, image_id, year, price, mileage) values (565, 1, 1, 1, '2002-01-02', 9334, 86433);
insert into sale (id,user_id,model_id, image_id, year, price, mileage) values (566, 1, 1, 1, '2002-01-02', 2350, 109875);
insert into sale (id,user_id,model_id, image_id, year, price, mileage) values (567, 1, 1, 1, '2002-01-02', 1608, 79708);
insert into sale (id,user_id,model_id, image_id, year, price, mileage) values (568, 1, 1, 1, '2002-01-02', 9517, 16909);
insert into sale (id,user_id,model_id, image_id, year, price, mileage) values (569, 1, 1, 1, '2002-01-02', 878, 170099);
insert into sale (id,user_id,model_id, image_id, year, price, mileage) values (570, 1, 1, 1, '2002-01-02', 2550, 79883);
insert into sale (id,user_id,model_id, image_id, year, price, mileage) values (571, 1, 1, 1, '2002-01-02', 5702, 15620);
insert into sale (id,user_id,model_id, image_id, year, price, mileage) values (572, 1, 1, 1, '2002-01-02', 858, 184182);
insert into sale (id,user_id,model_id, image_id, year, price, mileage) values (573, 1, 1, 1, '2002-01-02', 558, 91823);
insert into sale (id,user_id,model_id, image_id, year, price, mileage) values (574, 1, 1, 1, '2002-01-02', 2973, 5128);
insert into sale (id,user_id,model_id, image_id, year, price, mileage) values (575, 1, 1, 1, '2002-01-02', 7614, 150802);
insert into sale (id,user_id,model_id, image_id, year, price, mileage) values (576, 1, 1, 1, '2002-01-02', 5276, 48698);
insert into sale (id,user_id,model_id, image_id, year, price, mileage) values (577, 1, 1, 1, '2002-01-02', 8184, 16672);
insert into sale (id,user_id,model_id, image_id, year, price, mileage) values (578, 1, 1, 1, '2002-01-02', 390, 45184);
insert into sale (id,user_id,model_id, image_id, year, price, mileage) values (579, 1, 1, 1, '2002-01-02', 1826, 189949);
insert into sale (id,user_id,model_id, image_id, year, price, mileage) values (580, 1, 1, 1, '2002-01-02', 2936, 48406);
insert into sale (id,user_id,model_id, image_id, year, price, mileage) values (581, 1, 1, 1, '2002-01-02', 3881, 70722);
insert into sale (id,user_id,model_id, image_id, year, price, mileage) values (582, 1, 1, 1, '2002-01-02', 3588, 86231);
insert into sale (id,user_id,model_id, image_id, year, price, mileage) values (583, 1, 1, 1, '2002-01-02', 6123, 29703);
insert into sale (id,user_id,model_id, image_id, year, price, mileage) values (584, 1, 1, 1, '2002-01-02', 4612, 166339);
insert into sale (id,user_id,model_id, image_id, year, price, mileage) values (585, 1, 1, 1, '2002-01-02', 9839, 137066);
insert into sale (id,user_id,model_id, image_id, year, price, mileage) values (586, 1, 1, 1, '2002-01-02', 9032, 152127);
insert into sale (id,user_id,model_id, image_id, year, price, mileage) values (587, 1, 1, 1, '2002-01-02', 3708, 9445);
insert into sale (id,user_id,model_id, image_id, year, price, mileage) values (588, 1, 1, 1, '2002-01-02', 9645, 128119);
insert into sale (id,user_id,model_id, image_id, year, price, mileage) values (589, 1, 1, 1, '2002-01-02', 3953, 141740);
insert into sale (id,user_id,model_id, image_id, year, price, mileage) values (590, 1, 1, 1, '2002-01-02', 1132, 16313);
insert into sale (id,user_id,model_id, image_id, year, price, mileage) values (591, 1, 1, 1, '2002-01-02', 2521, 166616);
insert into sale (id,user_id,model_id, image_id, year, price, mileage) values (592, 1, 1, 1, '2002-01-02', 2723, 81443);
insert into sale (id,user_id,model_id, image_id, year, price, mileage) values (593, 1, 1, 1, '2002-01-02', 1390, 23299);
insert into sale (id,user_id,model_id, image_id, year, price, mileage) values (594, 1, 1, 1, '2002-01-02', 4526, 174556);
insert into sale (id,user_id,model_id, image_id, year, price, mileage) values (595, 1, 1, 1, '2002-01-02', 6132, 138871);
insert into sale (id,user_id,model_id, image_id, year, price, mileage) values (596, 1, 1, 1, '2002-01-02', 8119, 63758);
insert into sale (id,user_id,model_id, image_id, year, price, mileage) values (597, 1, 1, 1, '2002-01-02', 1384, 28450);
insert into sale (id,user_id,model_id, image_id, year, price, mileage) values (598, 1, 1, 1, '2002-01-02', 7120, 144998);
insert into sale (id,user_id,model_id, image_id, year, price, mileage) values (599, 1, 1, 1, '2002-01-02', 1475, 132100);
insert into sale (id,user_id,model_id, image_id, year, price, mileage) values (600, 1, 1, 1, '2002-01-02', 6538, 23910);

insert into sale_comment (id, user_id, sale_id, text, accepted) values (1, 1, 1, 'Test comment', true);
insert into sale_comment (id, user_id, sale_id, text, accepted) values (2, 2, 1, 'Test comment', true);
insert into sale_comment (id, user_id, sale_id, text, accepted) values (3, 1, 1, 'Test comment', true);
insert into sale_comment (id, user_id, sale_id, text, accepted) values (4, 2, 1, 'Test comment', true);
insert into sale_comment (id, user_id, sale_id, text, accepted) values (5, 1, 1, 'Test comment', true);



# --- !Downs

delete from user;
delete from aspiration;
delete from model;
delete from make;
delete from sale;
delete from image;
